geo,literacy_rate_youth,time,gender
afg,45.8,1979,0
alb,99.37,2001,0
alb,98.54,2008,0
alb,98.73,2011,0
dza,86.23,1987,0
dza,94.06,2002,0
dza,94.38,2006,0
ago,83.78,2001,0
ago,80.12,2011,0
aia,99.12,1984,0
arg,96.46,1980,0
arg,98.07,1991,0
arg,98.71,2001,0
arg,99.03,2011,0
arm,99.91,1989,0
arm,99.75,2001,0
arm,99.69,2011,0
abw,98.88,2000,0
abw,98.97,2010,0
aze,99.87,1999,0
aze,100.0,2007,0
aze,99.96,2009,0
bhr,89.69,1981,0
bhr,97.26,1991,0
bhr,96.83,2001,0
bhr,98.62,2010,0
bgd,44.36,1981,0
bgd,51.74,1991,0
bgd,67.16,2001,0
bgd,77.07,2011,0
blr,99.73,1989,0
blr,99.76,1999,0
blr,99.8,2009,0
blz,76.14,1991,0
ben,45.71,1979,0
ben,55.13,1992,0
ben,59.21,2002,0
ben,54.87,2006,0
btn,80.04,2005,0
bol,91.47,1976,0
bol,96.32,1992,0
bol,98.55,2001,0
bol,99.75,2007,0
bol,99.39,2008,0
bol,99.69,2009,0
bih,99.75,2000,0
bih,99.69,2011,0
bwa,85.9,1991,0
bwa,92.08,2003,0
bwa,93.48,2011,0
bra,82.56,1980,0
bra,92.65,2000,0
bra,95.78,2004,0
bra,96.8,2006,0
bra,97.06,2007,0
bra,97.18,2008,0
bra,97.45,2009,0
bra,96.72,2010,0
brn,94.06,1981,0
brn,98.11,1991,0
brn,98.87,2001,0
brn,99.78,2011,0
bgr,98.31,2001,0
bgr,98.07,2011,0
bfa,22.38,1975,0
bfa,26.79,1991,0
bfa,25.48,1996,0
bfa,38.38,2003,0
bfa,40.38,2005,0
bfa,46.73,2007,0
bdi,40.93,1979,0
bdi,59.5,1990,0
bdi,76.78,2000,0
bdi,89.59,2008,0
khm,81.85,1998,0
khm,87.92,2004,0
khm,89.38,2008,0
khm,88.36,2009,0
cmr,79.59,1976,0
cmr,88.42,2000,0
cmr,89.42,2007,0
cmr,85.4,2010,0
cpv,89.95,1990,0
cpv,96.23,2004,0
cpv,97.65,2011,0
cym,99.14,2007,0
caf,53.99,1975,0
caf,62.56,1988,0
caf,72.59,2000,0
caf,72.29,2011,0
tcd,26.25,1993,0
tcd,55.69,2000,0
tcd,53.71,2004,0
tcd,53.56,2011,0
chl,96.18,1982,0
chl,98.16,1992,0
chl,98.8,2002,0
chl,99.11,2008,0
chl,98.86,2009,0
chn,95.21,1982,0
chn,96.98,1990,0
chn,99.2,2000,0
chn,99.69,2010,0
col,89.38,1993,0
col,96.39,1996,0
col,97.55,2004,0
col,97.52,2005,0
col,97.53,2006,0
col,97.48,2007,0
col,97.55,2008,0
col,97.44,2009,0
col,97.68,2010,0
col,97.76,2011,0
com,69.36,1980,0
com,83.95,2000,0
com,86.14,2011,0
cod,77.98,2001,0
cod,78.94,2007,0
cri,96.75,1984,0
cri,97.2,2000,0
cri,97.88,2011,0
civ,59.93,1988,0
civ,54.4,1998,0
civ,70.84,2000,0
civ,72.29,2011,0
hrv,99.67,1991,0
hrv,99.64,2001,0
hrv,99.62,2011,0
cub,99.96,2002,0
cub,99.99,2011,0
cyp,99.58,1992,0
cyp,99.74,2001,0
cyp,99.8,2011,0
dom,81.26,1981,0
dom,93.0,2002,0
dom,94.63,2007,0
dom,95.78,2010,0
dom,96.09,2011,0
ecu,94.55,1982,0
ecu,96.58,1990,0
ecu,96.38,2001,0
ecu,95.22,2007,0
ecu,96.82,2009,0
ecu,98.47,2010,0
ecu,98.59,2011,0
egy,63.04,1976,0
egy,71.38,1986,0
egy,78.99,1996,0
egy,90.08,2005,0
egy,87.86,2006,0
egy,90.56,2010,0
egy,91.46,2011,0
slv,84.95,1992,0
slv,86.91,2004,0
slv,94.4,2006,0
slv,93.22,2007,0
slv,95.41,2008,0
slv,94.71,2009,0
slv,95.67,2010,0
gnq,97.61,2000,0
gnq,97.71,2011,0
eri,86.25,2002,0
eri,92.56,2011,0
est,99.83,1989,0
est,99.73,2000,0
est,99.75,2011,0
eth,39.29,1994,0
eth,62.2,2004,0
eth,55.88,2005,0
eth,62.97,2007,0
gab,94.41,1993,0
gab,97.79,2004,0
gab,98.78,2011,0
gmb,64.34,2000,0
gmb,72.64,2011,0
geo,99.79,2002,0
geo,99.76,2011,0
gha,75.95,2000,0
gha,88.31,2010,0
grc,99.05,1981,0
grc,98.99,1991,0
grc,98.89,2001,0
grc,99.42,2011,0
gtm,81.72,1994,0
gtm,86.38,2002,0
gtm,89.33,2011,0
gin,44.12,1996,0
gin,59.46,2003,0
gin,37.57,2010,0
gnb,59.69,1979,0
gnb,74.8,2000,0
gnb,79.27,2011,0
guy,92.42,2009,0
hti,51.26,1982,0
hti,82.66,2003,0
hti,74.37,2006,0
hnd,86.89,2001,0
hnd,92.7,2007,0
hnd,94.45,2010,0
hnd,94.93,2011,0
hun,99.42,1980,0
hun,99.11,1994,0
hun,98.91,2004,0
hun,98.77,2011,0
ind,66.31,1981,0
ind,73.51,1991,0
ind,84.19,2001,0
ind,88.41,2006,0
idn,89.59,1980,0
idn,97.4,1990,0
idn,98.87,2004,0
idn,97.03,2006,0
idn,99.54,2008,0
idn,99.55,2009,0
idn,98.8,2011,0
irn,70.9,1976,0
irn,84.53,1986,0
irn,92.44,1991,0
irn,95.52,1996,0
irn,98.11,2005,0
irn,97.15,2006,0
irn,98.79,2008,0
irq,88.91,2000,0
irq,84.09,2011,0
isr,99.05,1983,0
ita,99.7,1981,0
ita,99.8,2001,0
ita,99.91,2011,0
jam,87.31,1999,0
jam,92.89,2011,0
jor,95.79,1979,0
jor,99.33,2003,0
jor,98.93,2005,0
jor,98.95,2007,0
jor,98.76,2010,0
jor,99.05,2011,0
kaz,99.7,1989,0
kaz,99.82,1999,0
kaz,99.8,2009,0
ken,93.31,2000,0
ken,83.21,2007,0
prk,100.0,2008,0
kwt,77.69,1975,0
kwt,81.29,1980,0
kwt,90.69,1985,0
kwt,93.8,1995,0
kwt,99.69,2005,0
kwt,98.52,2006,0
kwt,98.4,2007,0
kwt,98.57,2008,0
kgz,99.65,1999,0
kgz,99.7,2009,0
lao,78.82,1995,0
lao,88.06,2000,0
lao,82.6,2001,0
lao,89.19,2005,0
lva,99.75,1989,0
lva,99.72,2000,0
lva,99.65,2011,0
lbn,98.4,2007,0
lso,84.83,2000,0
lso,74.19,2009,0
lbr,62.83,1984,0
lbr,65.75,1994,0
lbr,69.1,2004,0
lbr,63.45,2007,0
lby,97.85,1984,0
lby,99.43,1994,0
lby,99.85,2004,0
lby,99.94,2011,0
ltu,99.64,1989,0
ltu,99.66,2001,0
ltu,99.77,2011,0
mac,95.14,1981,0
mac,99.43,2001,0
mac,99.59,2006,0
mac,99.65,2011,0
mkd,99.14,1994,0
mkd,98.99,2002,0
mkd,98.83,2011,0
mdg,72.65,2000,0
mdg,65.91,2009,0
mwi,70.44,1987,0
mwi,82.09,1998,0
mwi,74.27,2010,0
mys,89.5,1980,0
mys,95.91,1991,0
mys,97.21,2000,0
mys,98.38,2010,0
mdv,84.13,1977,0
mdv,94.89,1985,0
mdv,98.08,1990,0
mdv,98.03,1995,0
mdv,98.03,2000,0
mdv,99.24,2006,0
mli,26.67,1976,0
mli,32.25,1998,0
mli,47.38,2006,0
mli,56.37,2010,0
mli,56.0,2011,0
mlt,97.43,1985,0
mlt,94.37,1995,0
mlt,97.46,2005,0
mrt,67.73,2000,0
mrt,71.64,2011,0
mus,90.7,1990,0
mus,93.72,2000,0
mus,95.79,2011,0
mex,93.09,1980,0
mex,95.96,1990,0
mex,96.75,2000,0
mex,97.94,2002,0
mex,97.52,2004,0
mex,97.64,2005,0
mex,98.11,2006,0
mex,98.2,2007,0
mex,98.41,2008,0
mex,98.67,2009,0
mex,98.38,2010,0
mex,98.42,2011,0
mda,99.72,1989,0
mda,99.4,2000,0
mda,100.0,2011,0
mng,97.0,2000,0
mng,94.12,2011,0
mne,99.33,2011,0
mar,58.12,1982,0
mar,71.38,1994,0
mar,80.8,2004,0
mar,85.81,2008,0
mar,86.73,2009,0
mar,88.83,2011,0
moz,63.95,1980,0
moz,59.45,1997,0
moz,74.36,2003,0
moz,79.84,2009,0
mmr,88.57,1983,0
mmr,95.79,2000,0
mmr,96.34,2011,0
nam,85.7,1991,0
nam,91.15,2001,0
nam,83.24,2007,0
npl,45.1,1981,0
npl,68.23,1991,0
npl,80.62,2001,0
npl,89.24,2011,0
ant,96.6,1992,0
ant,98.47,2011,0
nic,83.63,2001,0
nic,85.16,2005,0
ner,13.69,2001,0
ner,52.45,2005,0
nga,81.36,1991,0
nga,78.13,2003,0
nga,75.57,2008,0
omn,97.87,2003,0
omn,97.63,2008,0
omn,97.41,2010,0
pak,44.5,1981,0
pak,67.15,1998,0
pak,76.65,2005,0
pak,79.1,2006,0
pak,79.42,2008,0
pak,79.14,2009,0
plw,94.19,1980,0
pan,95.93,1980,0
pan,95.39,1990,0
pan,96.53,2000,0
pan,97.93,2010,0
png,69.13,2000,0
png,67.01,2011,0
pry,90.17,1982,0
pry,95.86,1992,0
pry,98.81,2007,0
pry,97.69,2008,0
pry,98.04,2009,0
pry,98.5,2010,0
per,96.51,1981,0
per,96.99,1993,0
per,97.8,2004,0
per,97.92,2005,0
per,98.51,2006,0
per,98.01,2007,0
phl,91.06,1980,0
phl,96.28,1990,0
phl,94.46,2000,0
phl,93.58,2003,0
phl,97.02,2008,0
pol,99.78,1978,0
pol,100.0,1994,0
pol,100.0,2004,0
pol,100.0,2011,0
prt,97.66,1981,0
prt,99.14,1991,0
prt,99.72,2011,0
pri,93.02,1980,0
pri,92.22,1990,0
pri,88.09,2004,0
pri,86.13,2011,0
qat,88.53,1986,0
qat,94.12,1997,0
qat,94.89,2004,0
qat,99.1,2007,0
qat,95.32,2008,0
qat,97.7,2009,0
qat,96.32,2010,0
rou,99.18,1992,0
rou,97.74,2002,0
rou,97.04,2011,0
rus,99.69,1989,0
rus,99.68,2002,0
rus,99.66,2010,0
rwa,59.66,1978,0
rwa,78.52,2000,0
rwa,76.66,2010,0
wsm,99.12,1991,0
wsm,99.33,2004,0
wsm,99.43,2011,0
stp,90.82,1981,0
stp,95.81,1991,0
stp,95.97,2001,0
stp,83.06,2008,0
sau,93.96,1992,0
sau,98.07,2000,0
sau,96.95,2004,0
sau,99.0,2011,0
sen,49.13,1988,0
sen,58.49,2002,0
sen,58.13,2006,0
sen,74.2,2009,0
srb,99.29,2011,0
syc,96.81,1987,0
syc,98.49,1994,0
syc,98.77,2002,0
syc,98.77,2011,0
sle,59.61,2004,0
sle,70.47,2011,0
sgp,96.41,1980,0
sgp,98.86,1990,0
sgp,99.41,2000,0
sgp,99.74,2010,0
svn,99.74,1991,0
svn,99.79,2004,0
svn,99.81,2011,0
zaf,85.35,1980,0
zaf,93.5,1996,0
zaf,97.05,2007,0
zaf,98.41,2011,0
esp,98.64,1981,0
esp,99.54,1991,0
esp,99.57,2005,0
esp,99.58,2007,0
esp,99.53,2008,0
esp,99.64,2009,0
esp,99.51,2010,0
lka,91.88,1981,0
lka,95.07,2001,0
lka,97.03,2006,0
lka,97.33,2008,0
lka,97.69,2010,0
sdn,85.69,2000,0
sdn,89.95,2011,0
sur,95.62,2004,0
sur,99.38,2008,0
sur,97.97,2010,0
swz,76.08,1976,0
swz,83.09,1986,0
swz,90.69,2000,0
swz,92.19,2011,0
syr,88.83,1981,0
syr,97.14,2002,0
syr,94.61,2004,0
syr,96.37,2011,0
tjk,99.74,1989,0
tjk,99.84,2000,0
tjk,99.86,2011,0
tza,86.2,1988,0
tza,80.92,2002,0
tza,76.49,2010,0
tha,97.57,1980,0
tha,98.1,2000,0
tha,98.22,2005,0
tls,80.49,2010,0
tgo,83.79,2000,0
tgo,84.86,2006,0
tgo,87.63,2009,0
tgo,86.92,2011,0
ton,99.84,1976,0
ton,99.27,1996,0
ton,99.3,2006,0
tto,99.2,1980,0
tto,99.3,1990,0
tto,99.49,2004,0
tto,99.56,2011,0
tun,85.74,1984,0
tun,90.38,1994,0
tun,96.4,2004,0
tun,97.84,2007,0
tun,98.13,2008,0
tun,98.21,2010,0
tur,90.75,1975,0
tur,93.62,1980,0
tur,95.68,1985,0
tur,96.57,1990,0
tur,98.02,2004,0
tur,98.36,2005,0
tur,98.37,2006,0
tur,98.58,2007,0
tur,99.02,2009,0
tur,99.21,2010,0
tur,99.45,2011,0
tkm,99.81,1995,0
tkm,99.77,2011,0
uga,77.22,1991,0
uga,85.96,2002,0
uga,87.27,2006,0
uga,89.64,2010,0
ukr,99.78,2001,0
ukr,99.74,2011,0
are,65.51,1975,0
are,81.01,1985,0
are,93.63,2005,0
ury,97.74,1975,0
ury,98.26,1985,0
ury,98.15,1996,0
ury,98.31,2006,0
ury,98.49,2007,0
ury,98.63,2008,0
ury,98.14,2009,0
ury,98.36,2010,0
uzb,99.85,2000,0
uzb,99.89,2011,0
vut,75.74,1979,0
vut,87.3,1994,0
vut,92.11,2004,0
vut,94.43,2011,0
ven,92.33,1981,0
ven,94.52,1990,0
ven,96.33,2001,0
ven,97.97,2007,0
ven,98.27,2009,0
pse,96.91,1997,0
pse,99.02,2004,0
pse,99.04,2006,0
pse,99.13,2007,0
pse,99.27,2008,0
pse,99.23,2009,0
pse,99.21,2010,0
pse,99.26,2011,0
vnm,96.11,1979,0
vnm,94.08,1989,0
vnm,94.18,1999,0
vnm,95.59,2000,0
vnm,97.48,2011,0
yem,82.8,1994,0
yem,92.82,2004,0
yem,96.37,2011,0
zmb,67.27,1990,0
zmb,72.62,1999,0
zmb,77.73,2002,0
zmb,70.31,2007,0
zwe,93.83,1982,0
zwe,96.54,1992,0
zwe,89.59,2011,0
afg,11.14,1979,1
alb,99.5,2001,1
alb,99.12,2008,1
alb,98.86,2011,1
dza,62.21,1987,1
dza,86.13,2002,1
dza,89.14,2006,1
ago,63.18,2001,1
ago,66.06,2011,1
aia,99.1,1984,1
arg,97.3,1980,1
arg,98.54,1991,1
arg,99.13,2001,1
arg,99.4,2011,1
arm,99.91,1989,1
arm,99.86,2001,1
arm,99.83,2011,1
abw,99.17,2000,1
abw,99.32,2010,1
aze,99.9,1999,1
aze,100.0,2007,1
aze,99.95,2009,1
bhr,82.08,1981,1
bhr,96.58,1991,1
bhr,97.25,2001,1
bhr,97.58,2010,1
bgd,27.15,1981,1
bgd,37.99,1991,1
bgd,60.26,2001,1
bgd,80.41,2011,1
blr,99.8,1989,1
blr,99.83,1999,1
blr,99.85,2009,1
blz,76.7,1991,1
ben,18.26,1979,1
ben,26.69,1992,1
ben,33.24,2002,1
ben,30.79,2006,1
btn,67.96,2005,1
bol,75.84,1976,1
bol,91.57,1992,1
bol,96.11,2001,1
bol,99.14,2007,1
bol,98.88,2008,1
bol,99.08,2009,1
bih,99.84,2000,1
bih,99.71,2011,1
bwa,92.25,1991,1
bwa,95.6,2003,1
bwa,96.97,2011,1
bra,85.24,1980,1
bra,95.72,2000,1
bra,97.9,2004,1
bra,98.36,2006,1
bra,98.56,2007,1
bra,98.53,2008,1
bra,98.69,2009,1
bra,98.32,2010,1
brn,93.24,1981,1
brn,98.08,1991,1
brn,98.91,2001,1
brn,99.71,2011,1
bgr,98.11,2001,1
bgr,97.65,2011,1
bfa,6.664,1975,1
bfa,14.17,1991,1
bfa,13.99,1996,1
bfa,24.81,2003,1
bfa,26.48,2005,1
bfa,33.13,2007,1
bdi,21.49,1979,1
bdi,48.01,1990,1
bdi,70.37,2000,1
bdi,88.11,2008,1
khm,71.07,1998,1
khm,78.9,2004,1
khm,85.53,2008,1
khm,85.87,2009,1
cmr,59.06,1976,1
cmr,77.96,2000,1
cmr,77.48,2007,1
cmr,76.42,2010,1
cpv,86.42,1990,1
cpv,98.03,2004,1
cpv,99.25,2011,1
cym,98.62,2007,1
caf,17.97,1975,1
caf,34.85,1988,1
caf,49.02,2000,1
caf,59.11,2011,1
tcd,8.946,1993,1
tcd,23.24,2000,1
tcd,30.77,2004,1
tcd,42.19,2011,1
chl,97.12,1982,1
chl,98.7,1992,1
chl,99.18,2002,1
chl,99.2,2008,1
chl,98.89,2009,1
chn,82.1,1982,1
chn,91.45,1990,1
chn,98.5,2000,1
chn,99.59,2010,1
col,91.85,1993,1
col,97.57,1996,1
col,98.41,2004,1
col,98.37,2005,1
col,98.19,2006,1
col,98.42,2007,1
col,98.43,2008,1
col,98.43,2009,1
col,98.52,2010,1
col,98.72,2011,1
com,54.9,1980,1
com,77.56,2000,1
com,85.94,2011,1
cod,63.09,2001,1
cod,53.25,2007,1
cri,97.54,1984,1
cri,98.04,2000,1
cri,98.72,2011,1
civ,37.85,1988,1
civ,39.85,1998,1
civ,52.13,2000,1
civ,62.75,2011,1
hrv,99.6,1991,1
hrv,99.65,2001,1
hrv,99.67,2011,1
cub,99.95,2002,1
cub,99.98,2011,1
cyp,99.66,1992,1
cyp,99.82,2001,1
cyp,99.84,2011,1
dom,83.94,1981,1
dom,95.42,2002,1
dom,96.93,2007,1
dom,97.88,2010,1
dom,98.05,2011,1
ecu,92.28,1982,1
ecu,95.83,1990,1
ecu,96.49,2001,1
ecu,95.63,2007,1
ecu,96.85,2009,1
ecu,98.85,2010,1
ecu,98.81,2011,1
egy,38.12,1976,1
egy,54.0,1986,1
egy,66.93,1996,1
egy,78.95,2005,1
egy,81.75,2006,1
egy,84.31,2010,1
egy,85.18,2011,1
slv,84.95,1992,1
slv,90.98,2004,1
slv,95.45,2006,1
slv,93.89,2007,1
slv,96.48,2008,1
slv,95.32,2009,1
slv,96.39,2010,1
gnq,96.62,2000,1
gnq,98.41,2011,1
eri,69.48,2002,1
eri,87.72,2011,1
est,99.9,1989,1
est,99.81,2000,1
est,99.85,2011,1
eth,28.08,1994,1
eth,38.5,2004,1
eth,33.3,2005,1
eth,47.04,2007,1
gab,92.11,1993,1
gab,95.58,2004,1
gab,96.97,2011,1
gmb,41.39,2000,1
gmb,63.62,2011,1
geo,99.86,2002,1
geo,99.85,2011,1
gha,65.49,2000,1
gha,83.23,2010,1
grc,98.88,1981,1
grc,98.98,1991,1
grc,98.99,2001,1
grc,99.28,2011,1
gtm,70.72,1994,1
gtm,78.39,2002,1
gtm,85.55,2011,1
gin,13.47,1996,1
gin,34.07,2003,1
gin,21.8,2010,1
gnb,17.8,1979,1
gnb,45.9,2000,1
gnb,67.08,2011,1
guy,93.67,2009,1
hti,51.05,1982,1
hti,80.69,2003,1
hti,70.48,2006,1
hnd,90.91,2001,1
hnd,95.05,2007,1
hnd,95.88,2010,1
hnd,96.93,2011,1
hun,99.32,1980,1
hun,99.18,1994,1
hun,99.1,2004,1
hun,99.03,2011,1
ind,40.32,1981,1
ind,49.35,1991,1
ind,67.75,2001,1
ind,74.36,2006,1
idn,81.65,1980,1
idn,95.07,1990,1
idn,98.54,2004,1
idn,96.27,2006,1
idn,99.38,2008,1
idn,99.4,2009,1
idn,98.75,2011,1
irn,42.33,1976,1
irn,65.59,1986,1
irn,81.2,1991,1
irn,90.56,1996,1
irn,96.74,2005,1
irn,96.13,2006,1
irn,98.52,2008,1
irq,80.49,2000,1
irq,80.54,2011,1
isr,98.05,1983,1
ita,99.59,1981,1
ita,99.82,2001,1
ita,99.92,2011,1
jam,96.3,1999,1
jam,98.48,2011,1
jor,84.83,1979,1
jor,98.91,2003,1
jor,99.02,2005,1
jor,98.95,2007,1
jor,98.77,2010,1
jor,99.25,2011,1
kaz,99.75,1989,1
kaz,99.87,1999,1
kaz,99.87,2009,1
ken,91.94,2000,1
ken,81.63,2007,1
prk,100.0,2008,1
kwt,66.01,1975,1
kwt,76.03,1980,1
kwt,84.09,1985,1
kwt,90.18,1995,1
kwt,99.79,2005,1
kwt,98.5,2006,1
kwt,98.51,2007,1
kwt,98.74,2008,1
kgz,99.74,1999,1
kgz,99.8,2009,1
lao,64.05,1995,1
lao,73.56,2000,1
lao,74.68,2001,1
lao,78.74,2005,1
lva,99.82,1989,1
lva,99.78,2000,1
lva,99.74,2011,1
lbn,99.08,2007,1
lso,97.5,2000,1
lso,92.09,2009,1
lbr,33.72,1984,1
lbr,54.19,1994,1
lbr,73.36,2004,1
lbr,37.17,2007,1
lby,80.31,1984,1
lby,96.34,1994,1
lby,99.42,2004,1
lby,99.85,2011,1
ltu,99.71,1989,1
ltu,99.74,2001,1
ltu,99.78,2011,1
mac,94.21,1981,1
mac,99.81,2001,1
mac,99.7,2006,1
mac,99.69,2011,1
mkd,98.57,1994,1
mkd,98.49,2002,1
mkd,98.5,2011,1
mdg,68.19,2000,1
mdg,63.97,2009,1
mwi,49.13,1987,1
mwi,70.7,1998,1
mwi,69.98,2010,1
mys,86.53,1980,1
mys,95.22,1991,1
mys,97.27,2000,1
mys,98.46,2010,1
mdv,87.12,1977,1
mdv,96.18,1985,1
mdv,98.32,1990,1
mdv,98.3,1995,1
mdv,98.3,2000,1
mdv,99.36,2006,1
mli,13.47,1976,1
mli,16.86,1998,1
mli,30.8,2006,1
mli,33.95,2010,1
mli,38.81,2011,1
mlt,99.05,1985,1
mlt,97.81,1995,1
mlt,99.11,2005,1
mrt,55.48,2000,1
mrt,66.18,2011,1
mus,91.71,1990,1
mus,95.36,2000,1
mus,97.83,2011,1
mex,90.86,1980,1
mex,94.9,1990,1
mex,96.48,2000,1
mex,97.27,2002,1
mex,97.61,2004,1
mex,97.63,2005,1
mex,97.69,2006,1
mex,98.12,2007,1
mex,98.36,2008,1
mex,98.38,2009,1
mex,98.49,2010,1
mex,98.51,2011,1
mda,99.74,1989,1
mda,99.65,2000,1
mda,100.0,2011,1
mng,98.43,2000,1
mng,97.25,2011,1
mne,99.3,2011,1
mar,30.95,1982,1
mar,46.0,1994,1
mar,60.49,2004,1
mar,69.9,2008,1
mar,72.15,2009,1
mar,74.03,2011,1
moz,25.12,1980,1
moz,36.55,1997,1
moz,50.04,2003,1
moz,56.54,2009,1
mmr,81.34,1983,1
mmr,93.47,2000,1
mmr,95.85,2011,1
nam,90.42,1991,1
nam,93.48,2001,1
nam,90.62,2007,1
npl,14.97,1981,1
npl,32.67,1991,1
npl,60.14,2001,1
npl,77.47,2011,1
ant,97.33,1992,1
ant,98.48,2011,1
nic,88.82,2001,1
nic,88.84,2005,1
ner,14.23,2001,1
ner,23.2,2005,1
nga,62.49,1991,1
nga,60.51,2003,1
nga,57.95,2008,1
omn,96.66,2003,1
omn,97.62,2008,1
omn,98.17,2010,1
pak,23.83,1981,1
pak,43.11,1998,1
pak,53.09,2005,1
pak,58.37,2006,1
pak,61.25,2008,1
pak,61.46,2009,1
plw,94.36,1980,1
pan,96.28,1980,1
pan,94.78,1990,1
pan,95.62,2000,1
pan,97.34,2010,1
png,64.06,2000,1
png,74.81,2011,1
pry,89.0,1982,1
pry,95.36,1992,1
pry,98.78,2007,1
pry,98.23,2008,1
pry,98.99,2009,1
pry,98.73,2010,1
per,89.76,1981,1
per,93.79,1993,1
per,95.66,2004,1
per,96.29,2005,1
per,96.96,2006,1
per,96.71,2007,1
phl,92.47,1980,1
phl,96.88,1990,1
phl,95.72,2000,1
phl,96.58,2003,1
phl,98.49,2008,1
pol,99.82,1978,1
pol,100.0,1994,1
pol,100.0,2004,1
pol,100.0,2011,1
prt,98.22,1981,1
prt,99.26,1991,1
prt,99.78,2011,1
pri,94.4,1980,1
pri,94.11,1990,1
pri,89.31,2004,1
pri,87.02,2011,1
qat,91.23,1986,1
qat,95.81,1997,1
qat,97.54,2004,1
qat,98.97,2007,1
qat,96.88,2008,1
qat,97.95,2009,1
qat,98.26,2010,1
rou,99.03,1992,1
rou,97.78,2002,1
rou,97.36,2011,1
rus,99.75,1989,1
rus,99.77,2002,1
rus,99.76,2010,1
rwa,44.69,1978,1
rwa,76.86,2000,1
rwa,77.97,2010,1
wsm,98.95,1991,1
wsm,99.44,2004,1
wsm,99.6,2011,1
stp,74.06,1981,1
stp,91.85,1991,1
stp,94.85,2001,1
stp,77.34,2008,1
sau,81.07,1992,1
sau,93.71,2000,1
sau,94.68,2004,1
sau,97.01,2011,1
sen,28.03,1988,1
sen,40.97,2002,1
sen,44.54,2006,1
sen,56.19,2009,1
srb,99.25,2011,1
syc,98.46,1987,1
syc,99.14,1994,1
syc,99.37,2002,1
syc,99.37,2011,1
sle,37.36,2004,1
sle,52.06,2011,1
sgp,96.16,1980,1
sgp,99.08,1990,1
sgp,99.6,2000,1
sgp,99.77,2010,1
svn,99.78,1991,1
svn,99.87,2004,1
svn,99.9,2011,1
zaf,84.97,1980,1
zaf,94.29,1996,1
zaf,98.09,2007,1
zaf,99.16,2011,1
esp,98.64,1981,1
esp,99.57,1991,1
esp,99.5,2005,1
esp,99.56,2007,1
esp,99.6,2008,1
esp,99.56,2009,1
esp,99.69,2010,1
lka,90.19,1981,1
lka,96.12,2001,1
lka,97.94,2006,1
lka,98.59,2008,1
lka,98.59,2010,1
sdn,72.33,2000,1
sdn,84.55,2011,1
sur,94.14,2004,1
sur,99.46,2008,1
sur,98.8,2010,1
swz,74.98,1976,1
swz,84.3,1986,1
swz,92.94,2000,1
swz,95.31,2011,1
syr,59.02,1981,1
syr,92.96,2002,1
syr,90.22,2004,1
syr,94.11,2011,1
tjk,99.67,1989,1
tjk,99.85,2000,1
tjk,99.88,2011,1
tza,77.87,1988,1
tza,76.2,2002,1
tza,72.77,2010,1
tha,96.17,1980,1
tha,97.85,2000,1
tha,97.88,2005,1
tls,78.57,2010,1
tgo,63.55,2000,1
tgo,67.92,2006,1
tgo,74.56,2009,1
tgo,72.71,2011,1
ton,99.8,1976,1
ton,99.35,1996,1
ton,99.56,2006,1
tto,99.24,1980,1
tto,99.3,1990,1
tto,99.5,2004,1
tto,99.58,2011,1
tun,62.52,1984,1
tun,75.08,1994,1
tun,92.24,2004,1
tun,94.72,2007,1
tun,95.79,2008,1
tun,96.09,2010,1
tur,68.25,1975,1
tur,75.24,1980,1
tur,85.96,1985,1
tur,88.39,1990,1
tur,93.3,2004,1
tur,93.96,2005,1
tur,94.12,2006,1
tur,94.29,2007,1
tur,96.57,2009,1
tur,97.2,2010,1
tur,97.94,2011,1
tkm,99.81,1995,1
tkm,99.89,2011,1
uga,63.12,1991,1
uga,76.18,2002,1
uga,81.13,2006,1
uga,85.47,2010,1
ukr,99.83,2001,1
ukr,99.82,2011,1
are,56.28,1975,1
are,84.51,1985,1
are,97.0,2005,1
ury,98.84,1975,1
ury,99.0,1985,1
ury,99.02,1996,1
ury,99.11,2006,1
ury,99.02,2007,1
ury,99.32,2008,1
ury,99.61,2009,1
ury,99.23,2010,1
uzb,99.89,2000,1
uzb,99.99,2011,1
vut,67.64,1979,1
vut,85.17,1994,1
vut,91.87,2004,1
vut,94.79,2011,1
ven,93.89,1981,1
ven,96.36,1990,1
ven,98.07,2001,1
ven,98.84,2007,1
ven,98.8,2009,1
pse,97.19,1997,1
pse,98.85,2004,1
pse,99.15,2006,1
pse,98.99,2007,1
pse,99.03,2008,1
pse,99.23,2009,1
pse,99.27,2010,1
pse,99.37,2011,1
vnm,94.02,1979,1
vnm,93.4,1989,1
vnm,93.59,1999,1
vnm,94.06,2000,1
vnm,96.65,2011,1
yem,35.38,1994,1
yem,60.46,2004,1
yem,76.02,2011,1
zmb,65.52,1990,1
zmb,66.23,1999,1
zmb,66.31,2002,1
zmb,58.48,2007,1
zwe,84.81,1982,1
zwe,94.35,1992,1
zwe,92.12,2011,1
afg,30.07,1979,2
alb,99.44,2001,2
alb,98.83,2008,2
alb,98.79,2011,2
dza,74.33,1987,2
dza,90.14,2002,2
dza,91.78,2006,2
ago,72.19,2001,2
ago,73.04,2011,2
aia,99.11,1984,2
arg,96.88,1980,2
arg,98.3,1991,2
arg,98.92,2001,2
arg,99.22,2011,2
arm,99.91,1989,2
arm,99.81,2001,2
arm,99.76,2011,2
abw,99.03,2000,2
abw,99.14,2010,2
aze,99.89,1999,2
aze,100.0,2007,2
aze,99.95,2009,2
bhr,86.29,1981,2
bhr,96.94,1991,2
bhr,97.02,2001,2
bhr,98.16,2010,2
bgd,35.65,1981,2
bgd,44.68,1991,2
bgd,63.62,2001,2
bgd,78.71,2011,2
blr,99.77,1989,2
blr,99.79,1999,2
blr,99.82,2009,2
blz,76.42,1991,2
ben,29.79,1979,2
ben,39.88,1992,2
ben,45.31,2002,2
ben,42.36,2006,2
btn,74.41,2005,2
bol,83.55,1976,2
bol,93.9,1992,2
bol,97.32,2001,2
bol,99.44,2007,2
bol,99.12,2008,2
bol,99.38,2009,2
bih,99.79,2000,2
bih,99.7,2011,2
bwa,89.26,1991,2
bwa,93.96,2003,2
bwa,95.21,2011,2
bra,83.91,1980,2
bra,94.18,2000,2
bra,96.84,2004,2
bra,97.58,2006,2
bra,97.8,2007,2
bra,97.84,2008,2
bra,98.07,2009,2
bra,97.51,2010,2
brn,93.68,1981,2
brn,98.1,1991,2
brn,98.89,2001,2
brn,99.75,2011,2
bgr,98.21,2001,2
bgr,97.87,2011,2
bfa,14.38,1975,2
bfa,20.18,1991,2
bfa,19.41,1996,2
bfa,31.23,2003,2
bfa,32.97,2005,2
bfa,39.26,2007,2
bdi,30.98,1979,2
bdi,53.56,1990,2
bdi,73.33,2000,2
bdi,88.89,2008,2
khm,76.32,1998,2
khm,83.38,2004,2
khm,87.47,2008,2
khm,87.13,2009,2
cmr,68.82,1976,2
cmr,83.1,2000,2
cmr,83.14,2007,2
cmr,80.57,2010,2
cpv,88.17,1990,2
cpv,97.12,2004,2
cpv,98.44,2011,2
cym,98.91,2007,2
caf,34.51,1975,2
caf,48.2,1988,2
caf,60.81,2000,2
caf,65.63,2011,2
tcd,17.35,1993,2
tcd,37.56,2000,2
tcd,41.67,2004,2
tcd,47.89,2011,2
chl,96.65,1982,2
chl,98.43,1992,2
chl,98.99,2002,2
chl,99.15,2008,2
chl,98.87,2009,2
chn,88.77,1982,2
chn,94.28,1990,2
chn,98.86,2000,2
chn,99.64,2010,2
col,90.52,1993,2
col,97.0,1996,2
col,97.99,2004,2
col,97.96,2005,2
col,97.88,2006,2
col,97.97,2007,2
col,97.99,2008,2
col,97.94,2009,2
col,98.1,2010,2
col,98.24,2011,2
com,61.71,1980,2
com,80.19,2000,2
com,86.04,2011,2
cod,70.42,2001,2
cod,65.78,2007,2
cri,97.15,1984,2
cri,97.61,2000,2
cri,98.29,2011,2
civ,48.51,1988,2
civ,47.06,1998,2
civ,60.72,2000,2
civ,67.53,2011,2
hrv,99.64,1991,2
hrv,99.65,2001,2
hrv,99.65,2011,2
cub,99.57,1981,2
cub,99.96,2002,2
cub,99.99,2011,2
cyp,99.62,1992,2
cyp,99.77,2001,2
cyp,99.82,2011,2
dom,82.62,1981,2
dom,94.22,2002,2
dom,95.79,2007,2
dom,96.81,2010,2
dom,97.04,2011,2
ecu,93.4,1982,2
ecu,96.19,1990,2
ecu,96.44,2001,2
ecu,95.43,2007,2
ecu,96.83,2009,2
ecu,98.65,2010,2
ecu,98.69,2011,2
egy,51.03,1976,2
egy,63.33,1986,2
egy,73.22,1996,2
egy,84.93,2005,2
egy,84.88,2006,2
egy,87.51,2010,2
egy,88.4,2011,2
slv,84.95,1992,2
slv,88.96,2004,2
slv,94.95,2006,2
slv,93.56,2007,2
slv,95.96,2008,2
slv,95.02,2009,2
slv,96.03,2010,2
gnq,97.13,2000,2
gnq,98.06,2011,2
eri,77.95,2002,2
eri,90.13,2011,2
est,99.87,1989,2
est,99.77,2000,2
est,99.8,2011,2
eth,33.59,1994,2
eth,49.9,2004,2
eth,44.61,2005,2
eth,54.98,2007,2
gab,93.21,1993,2
gab,96.69,2004,2
gab,97.88,2011,2
gmb,52.56,2000,2
gmb,68.07,2011,2
geo,99.83,2002,2
geo,99.8,2011,2
gha,70.66,2000,2
gha,85.72,2010,2
grc,98.97,1981,2
grc,98.98,1991,2
grc,98.94,2001,2
grc,99.35,2011,2
gtm,75.99,1994,2
gtm,82.22,2002,2
gtm,87.43,2011,2
gin,27.72,1996,2
gin,47.09,2003,2
gin,31.41,2010,2
gnb,36.4,1979,2
gnb,59.49,2000,2
gnb,73.17,2011,2
guy,93.1,2009,2
hti,51.15,1982,2
hti,81.62,2003,2
hti,72.35,2006,2
hnd,88.94,2001,2
hnd,93.92,2007,2
hnd,95.15,2010,2
hnd,95.93,2011,2
hun,99.37,1980,2
hun,99.15,1994,2
hun,99.0,2004,2
hun,98.9,2011,2
ind,53.78,1981,2
ind,61.9,1991,2
ind,76.43,2001,2
ind,81.13,2006,2
idn,85.44,1980,2
idn,96.21,1990,2
idn,98.71,2004,2
idn,96.65,2006,2
idn,99.46,2008,2
idn,99.47,2009,2
idn,98.78,2011,2
irn,56.45,1976,2
irn,75.2,1986,2
irn,86.97,1991,2
irn,93.03,1996,2
irn,97.43,2005,2
irn,96.64,2006,2
irn,98.66,2008,2
irq,84.8,2000,2
irq,82.36,2011,2
isr,98.56,1983,2
ita,99.64,1981,2
ita,99.81,2001,2
ita,99.91,2011,2
jam,91.6,1999,2
jam,95.64,2011,2
jor,90.51,1979,2
jor,99.13,2003,2
jor,98.98,2005,2
jor,98.95,2007,2
jor,98.76,2010,2
jor,99.15,2011,2
kaz,99.73,1989,2
kaz,99.85,1999,2
kaz,99.83,2009,2
ken,92.53,2000,2
ken,82.39,2007,2
prk,100.0,2008,2
kwt,72.22,1975,2
kwt,78.98,1980,2
kwt,87.46,1985,2
kwt,92.04,1995,2
kwt,99.73,2005,2
kwt,98.51,2006,2
kwt,98.45,2007,2
kwt,98.64,2008,2
kgz,99.7,1999,2
kgz,99.75,2009,2
lao,71.13,1995,2
lao,80.6,2000,2
lao,78.46,2001,2
lao,83.93,2005,2
lva,99.78,1989,2
lva,99.75,2000,2
lva,99.69,2011,2
lbn,98.71,2007,2
lso,90.93,2000,2
lso,83.19,2009,2
lbr,47.63,1984,2
lbr,60.0,1994,2
lbr,71.21,2004,2
lbr,49.07,2007,2
lby,89.34,1984,2
lby,97.9,1994,2
lby,99.64,2004,2
lby,99.9,2011,2
ltu,99.67,1989,2
ltu,99.7,2001,2
ltu,99.78,2011,2
mac,94.7,1981,2
mac,99.63,2001,2
mac,99.64,2006,2
mac,99.67,2011,2
mkd,98.86,1994,2
mkd,98.74,2002,2
mkd,98.67,2011,2
mdg,70.24,2000,2
mdg,64.94,2009,2
mwi,59.02,1987,2
mwi,76.01,1998,2
mwi,72.14,2010,2
mys,87.97,1980,2
mys,95.56,1991,2
mys,97.24,2000,2
mys,98.42,2010,2
mdv,85.61,1977,2
mdv,95.54,1985,2
mdv,98.2,1990,2
mdv,98.17,1995,2
mdv,98.17,2000,2
mdv,99.3,2006,2
mli,19.65,1976,2
mli,24.19,1998,2
mli,38.82,2006,2
mli,44.3,2010,2
mli,46.89,2011,2
mlt,98.21,1985,2
mlt,96.03,1995,2
mlt,98.27,2005,2
mrt,61.34,2000,2
mrt,68.95,2011,2
mus,91.19,1990,2
mus,94.54,2000,2
mus,96.8,2011,2
mex,91.95,1980,2
mex,95.42,1990,2
mex,96.61,2000,2
mex,97.6,2002,2
mex,97.56,2004,2
mex,97.64,2005,2
mex,97.9,2006,2
mex,98.16,2007,2
mex,98.38,2008,2
mex,98.52,2009,2
mex,98.43,2010,2
mex,98.46,2011,2
mda,99.73,1989,2
mda,99.53,2000,2
mda,100.0,2011,2
mng,97.71,2000,2
mng,95.67,2011,2
mne,99.32,2011,2
mar,44.14,1982,2
mar,58.43,1994,2
mar,70.46,2004,2
mar,77.86,2008,2
mar,79.47,2009,2
mar,81.51,2011,2
moz,43.64,1980,2
moz,46.97,1997,2
moz,61.89,2003,2
moz,67.15,2009,2
mmr,84.9,1983,2
mmr,94.59,2000,2
mmr,96.1,2011,2
nam,88.11,1991,2
nam,92.34,2001,2
nam,87.1,2007,2
npl,30.04,1981,2
npl,49.6,1991,2
npl,70.05,2001,2
npl,82.35,2011,2
ant,96.98,1992,2
ant,98.47,2011,2
nic,86.22,2001,2
nic,87.01,2005,2
ner,14.0,2001,2
ner,36.55,2005,2
nga,71.19,1991,2
nga,68.99,2003,2
nga,66.38,2008,2
omn,97.28,2003,2
omn,97.63,2008,2
omn,97.74,2010,2
pak,34.78,1981,2
pak,55.33,1998,2
pak,65.09,2005,2
pak,69.17,2006,2
pak,71.11,2008,2
pak,70.68,2009,2
plw,94.28,1980,2
pan,96.11,1980,2
pan,95.09,1990,2
pan,96.08,2000,2
pan,97.64,2010,2
png,66.68,2000,2
png,70.8,2011,2
pry,89.59,1982,2
pry,95.61,1992,2
pry,98.79,2007,2
pry,97.96,2008,2
pry,98.5,2009,2
pry,98.61,2010,2
per,93.12,1981,2
per,95.37,1993,2
per,96.76,2004,2
per,97.12,2005,2
per,97.76,2006,2
per,97.36,2007,2
phl,91.79,1980,2
phl,96.58,1990,2
phl,95.09,2000,2
phl,95.06,2003,2
phl,97.75,2008,2
pol,99.8,1978,2
pol,100.0,1994,2
pol,100.0,2004,2
pol,100.0,2011,2
prt,97.94,1981,2
prt,99.2,1991,2
prt,99.75,2011,2
pri,93.75,1980,2
pri,93.17,1990,2
pri,88.7,2004,2
pri,86.57,2011,2
qat,89.54,1986,2
qat,94.79,1997,2
qat,95.92,2004,2
qat,99.06,2007,2
qat,95.69,2008,2
qat,97.76,2009,2
qat,96.82,2010,2
rou,99.11,1992,2
rou,97.76,2002,2
rou,97.2,2011,2
rus,99.72,1989,2
rus,99.72,2002,2
rus,99.71,2010,2
rwa,52.26,1978,2
rwa,74.9,1991,2
rwa,77.62,2000,2
rwa,77.34,2010,2
wsm,99.04,1991,2
wsm,99.38,2004,2
wsm,99.51,2011,2
stp,82.4,1981,2
stp,93.85,1991,2
stp,95.42,2001,2
stp,80.2,2008,2
sau,87.86,1992,2
sau,95.91,2000,2
sau,95.85,2004,2
sau,98.02,2011,2
sen,37.87,1988,2
sen,49.12,2002,2
sen,50.85,2006,2
sen,65.01,2009,2
srb,99.27,2011,2
syc,97.65,1987,2
syc,98.81,1994,2
syc,99.06,2002,2
syc,99.06,2011,2
sle,47.93,2004,2
sle,61.04,2011,2
sgp,96.29,1980,2
sgp,98.97,1990,2
sgp,99.5,2000,2
sgp,99.75,2010,2
svn,99.76,1991,2
svn,99.83,2004,2
svn,99.85,2011,2
zaf,85.17,1980,2
zaf,93.91,1996,2
zaf,97.57,2007,2
zaf,98.78,2011,2
esp,98.64,1981,2
esp,99.55,1991,2
esp,99.54,2005,2
esp,99.57,2007,2
esp,99.56,2008,2
esp,99.6,2009,2
esp,99.59,2010,2
lka,91.04,1981,2
lka,95.59,2001,2
lka,97.48,2006,2
lka,97.98,2008,2
lka,98.16,2010,2
sdn,78.16,2000,2
sdn,87.29,2011,2
sur,94.88,2004,2
sur,99.42,2008,2
sur,98.38,2010,2
swz,75.45,1976,2
swz,83.75,1986,2
swz,91.86,2000,2
swz,93.74,2011,2
syr,74.28,1981,2
syr,95.19,2002,2
syr,92.45,2004,2
syr,95.28,2011,2
tjk,99.7,1989,2
tjk,99.85,2000,2
tjk,99.87,2011,2
tza,81.75,1988,2
tza,78.4,2002,2
tza,74.56,2010,2
tha,96.87,1980,2
tha,97.98,2000,2
tha,98.05,2005,2
tls,79.53,2010,2
tgo,74.44,2000,2
tgo,76.45,2006,2
tgo,81.74,2009,2
tgo,79.89,2011,2
ton,99.82,1976,2
ton,99.31,1996,2
ton,99.42,2006,2
tto,99.22,1980,2
tto,99.3,1990,2
tto,99.49,2004,2
tto,99.57,2011,2
tun,74.28,1984,2
tun,82.79,1994,2
tun,94.34,2004,2
tun,96.3,2007,2
tun,96.79,2008,2
tun,97.17,2010,2
tur,80.05,1975,2
tur,84.69,1980,2
tur,90.9,1985,2
tur,92.54,1990,2
tur,95.6,2004,2
tur,96.12,2005,2
tur,96.18,2006,2
tur,96.36,2007,2
tur,97.81,2009,2
tur,98.22,2010,2
tur,98.71,2011,2
tkm,99.81,1995,2
tkm,99.83,2011,2
uga,69.8,1991,2
uga,80.79,2002,2
uga,84.07,2006,2
uga,87.41,2010,2
ukr,99.8,2001,2
ukr,99.78,2011,2
are,63.05,1975,2
are,82.47,1985,2
are,95.01,2005,2
ury,98.3,1975,2
ury,98.63,1985,2
ury,98.58,1996,2
ury,98.71,2006,2
ury,98.76,2007,2
ury,98.97,2008,2
ury,99.05,2009,2
ury,98.78,2010,2
uzb,99.87,2000,2
uzb,99.94,2011,2
vut,71.83,1979,2
vut,86.25,1994,2
vut,91.99,2004,2
vut,94.6,2011,2
ven,93.11,1981,2
ven,95.44,1990,2
ven,97.2,2001,2
ven,98.4,2007,2
ven,98.53,2009,2
pse,97.05,1997,2
pse,98.94,2004,2
pse,99.09,2006,2
pse,99.06,2007,2
pse,99.15,2008,2
pse,99.23,2009,2
pse,99.24,2010,2
pse,99.31,2011,2
vnm,95.03,1979,2
vnm,93.73,1989,2
vnm,93.88,1999,2
vnm,94.84,2000,2
vnm,97.07,2011,2
yem,60.22,1994,2
yem,76.93,2004,2
yem,86.37,2011,2
zmb,66.38,1990,2
zmb,69.46,1999,2
zmb,69.09,2002,2
zmb,64.05,2007,2
zwe,89.02,1982,2
zwe,95.41,1992,2
zwe,90.93,2011,2
